asin,title,price,rating,num_reviews,img_link
B07ZHLHKV2,"Limpiezabarata Toalla Papel Secamanos Tejido Zig Zag, Laminadas Doble Capa, Caja 3000 Unidades",22.81,4.4,699,"https://images-eu.ssl-images-amazon.com/images/I/71er4Jvtr0L._AC_UL900_SR900,600_.jpg"
B082VTPHF6,"CIF Crema Multisuperficies para el Baño y Cocina, 750ml",2.48,4.7,1.710,"https://images-eu.ssl-images-amazon.com/images/I/61ZwVay7JAL._AC_UL900_SR900,600_.jpg"
B07SH9FY7G,"EQM SOLUCIONES QUÍMICAS | Alcohol Isopropílico 99,9% Pureza | 1L | Limpieza componentes electrónicos, objetivos y pantallas |",7.79,4.7,3.220,"https://images-eu.ssl-images-amazon.com/images/I/61rIvXPcuWL._AC_UL900_SR900,600_.jpg"
B07PXMLJ7Z,Bayeco - Estropajo con Mango Click & Limpio - Mango rellenable - Evita el contacto directo con la suciedad - Sistema dispensa,3.50,4.1,70,"https://images-eu.ssl-images-amazon.com/images/I/61kcwI3slWL._AC_UL900_SR900,600_.jpg"
B086JTZXMH,"3DFILS - Filamento PLA para impresión 3D esFil PLA INGEO 3D850: 1.75 mm, 1 Kg, Negro",14.00,4.0,731,"https://images-eu.ssl-images-amazon.com/images/I/519DCXcWijL._AC_UL900_SR900,600_.jpg"
B07R8X76GW,"SUNLU Filamento PLA Plus para impresora 3D, filamento PLA Plus de 0.069 pulgadas, filamento 3D mejorado de dureza compatible ",17.99,4.4,12.446,"https://images-eu.ssl-images-amazon.com/images/I/71hCa+zsIaL._AC_UL900_SR900,600_.jpg"
B07XFL3XB9,"SUNLU Filamento PLA+ 1.75 mm, Filamento para impresora 3D PLA Plus 1KG，Mejora de la resistencia,Neatly Wound, Filamento de im",17.99,4.4,6.955,"https://images-eu.ssl-images-amazon.com/images/I/71bNTA+2ZuL._AC_UL900_SR900,600_.jpg"
B0CCN1189S,"PORTENTUM Alcohol isopropilico 1L (máxima pureza 99,9%) para electrónica, limpia cristales y limpieza general: desengrasante ",7.69,4.8,189,"https://images-eu.ssl-images-amazon.com/images/I/51mpKUC9A7L._AC_UL900_SR900,600_.jpg"
B00UEMEBJ0,"Scotch-Brite Esponja Mágica de Limpieza, Paquete Económico de 6 Esponjas, Borrador Mágico, Elimina Las Manchas de Paredes, Za",7.49,4.1,1.623,"https://images-eu.ssl-images-amazon.com/images/I/618oMsq10WL._AC_UL900_SR900,600_.jpg"
B00U2QZB6K,"KH-7 Quitagrasas Profesional, Elimina sin esfuerzo la grasa y suciedad más incrustada - Garrafa 5L",18.12,4.6,1.030,"https://images-eu.ssl-images-amazon.com/images/I/51cNipqbSeL._AC_UL900_SR900,600_.jpg"
B0191NJ9F8,"Cleaning Block WC - Pack de 4 barritas para eliminar manchas de cal, sarro y otra suciedad incrustada en inodoros, WC, lavabo",7.95,4.5,4.141,"https://images-eu.ssl-images-amazon.com/images/I/81zVCodknZL._AC_UL900_SR900,600_.jpg"
B07S2L4RZX,"EQM SOLUCIONES QUÍMICAS | ECO-301 | Alcohol Isopropílico 99,9% Pureza | Limpieza componentes electrónicos, objetivos, pantall",22.20,4.8,1.606,"https://images-eu.ssl-images-amazon.com/images/I/71AsE+vipHL._AC_UL900_SR900,600_.jpg"
B0BHF4SS6Q,"EQM SOLUCIONES QUIMICAS | ECO-216 | Vinagre de Limpieza Concentrado 10º de Acidez | Formato 1x5L, 2x5L, 3x5L | 100% Ecológico",9.95,4.5,189,"https://images-eu.ssl-images-amazon.com/images/I/71FuNvF1N7L._AC_UL900_SR900,600_.jpg"
B08LQJ8W1F,Winkle Filamento Pla HD | Pla 1.75mm | Filamento Impresión | Impresora 3D | Filamento 3D | Color Negro Azabache | Bobina 1000,16.55,4.2,1.785,"https://images-eu.ssl-images-amazon.com/images/I/61zYEftuRgL._AC_UL900_SR900,600_.jpg"
B0BJ1DWCG2,"JAYO Filamento PLA+ 1.75mm, Filamento Impresora 3D PLA Plus, PLA+ Blanco Bobina de 1.1kg, Precisión Dimensional +/- 0.02 mm",21.99,4.4,949,"https://images-eu.ssl-images-amazon.com/images/I/71KWlcruKuL._AC_UL900_SR900,600_.jpg"
B00MDIZCXC,WOLFPACK LINEA PROFESIONAL - Rueda Carretilla Obra Maciza Llanta Metalica,16.50,4.4,1.522,"https://images-eu.ssl-images-amazon.com/images/I/519lSZ2gI7L._AC_UL900_SR900,600_.jpg"
B01MAY5ECH,"Pie de Rey Digital, LOUISWARE 150 mm /6 Pulgadas de Calibre Digital Electrónica, Paquimetro Profesional de Acero Inoxidable, ",26.99,4.4,6.622,"https://images-eu.ssl-images-amazon.com/images/I/61qUzJjGh+L._AC_UL900_SR900,600_.jpg"
B0051PY0OG,"3 EN UNO Original 34135 - Spray Multiusos 200 ml- Lubrica, Limpia y Protege Contra el Óxido",5.90,4.6,1.122,"https://images-eu.ssl-images-amazon.com/images/I/51yEbfkSScL._AC_UL900_SR900,600_.jpg"
B01HTTQ6FC,"Vileda Turbo - Juego de fregona con palo telescópico, cubo escurridor giratorio y recambio de microfibras, incluye 1 recambio",50.99,4.3,2.643,"https://images-eu.ssl-images-amazon.com/images/I/71p-LZFnajS._AC_UL900_SR900,600_.jpg"
B07FQDKR28,"eSUN Filamento PLA+ 1.75mm, Mejorado Tenacidad Impresora 3D Filamento PLA Plus, Precisión Dimensional +/- 0.03mm, 1KG Carrete",18.99,4.5,10.749,"https://images-eu.ssl-images-amazon.com/images/I/71dp4W4SkOL._AC_UL900_SR900,600_.jpg"
B0BX9GND1P,"AKZIM Filamento PLA 1.75mm para Impresión 3D, Precisión Dimensional +/- 0.02 mm, Compatible con Impresora FDM, 1KG/Carrete, B",16.99,4.5,56,"https://images-eu.ssl-images-amazon.com/images/I/71mTKamZa+L._AC_UL900_SR900,600_.jpg"
B00K7Y5HT8,"3 EN UNO Profesional - Grasa de Litio Tubo -150gr, incoloro (34167)",5.95,4.6,2.845,"https://images-eu.ssl-images-amazon.com/images/I/71rFKefjnPL._AC_UL900_SR900,600_.jpg"
B09F6JS1V8,"MARKLIFE Mini Dispositivo de etiquetado Bluetooth P11, Dispositivo de etiquetado térmico Autoadhesivo, Mini Impresora de Etiq",15.99,4.3,2.318,"https://images-eu.ssl-images-amazon.com/images/I/61TVi0yn45L._AC_UL900_SR900,600_.jpg"
B0BYP3XZNH,200 Bolsas Plástico Asa Tipo Camiseta Resistentes - Bolsas Plástico Reutilizables - Bolsas Plástico Alta Resistencia - 70% Re,11.50,3.7,42,"https://images-eu.ssl-images-amazon.com/images/I/41EtO-F5ntL._AC_UL900_SR900,600_.jpg"
B0001GS0FU,"BLACK+DECKER WM301 Banco de Trabajo Workmate Bambú y Acero Diseño Compacto, Carga Máxima 160 kg, Color Negro/ Madera",25.99,4.4,11.556,"https://images-eu.ssl-images-amazon.com/images/I/71fOSHwO7lL._AC_UL900_SR900,600_.jpg"
B0BFBKR5FW,"Fairy Ultra Original Todo en Uno Pastillas Lavavajillas, 90 Capsulas Lavavajillas (5 x 16 + 2), Elimina Acumulacion Grasa en ",21.90,4.5,84,"https://images-eu.ssl-images-amazon.com/images/I/815RtwocX6L._AC_UL900_SR900,600_.jpg"
B01ID618LW,"Vileda Recambio Turbo,Compatible con todos los sistemas Turbo de Vileda, rendimiento extra Apto para todo tipo de suelos duro",7.97,4.5,10.380,"https://images-eu.ssl-images-amazon.com/images/I/71bWY7h0bzL._AC_UL900_SR900,600_.jpg"
B00NFSA6FI,"Scotch Brite Estropajo Salvauñas Clásico, 2 unidades",1.64,4.6,313,"https://images-eu.ssl-images-amazon.com/images/I/81+JSDDx1AL._AC_UL900_SR900,600_.jpg"
B0BN868FGN,"Relota Imanes de Pesca, 160Kg Fuerza de Tracción Imanes Neodimio Potentes Redondo con Perno de Ojo de Elevación para Pesca Ma",13.99,3.8,493,"https://images-eu.ssl-images-amazon.com/images/I/61DmJRVZXzL._AC_UL900_SR900,600_.jpg"
B06XYHH8T6,Bobina Papel Secamanos Mecha Laminado MSU (Pack 6 unidades),16.13,4.1,76,"https://images-eu.ssl-images-amazon.com/images/I/5130lyBA8wL._AC_UL900_SR900,600_.jpg"
B0BSNS5656,Carretilla de Mano Portátil Plegable Carro Ligero Equipaje Oficina Hogar Aluminio Compacto,30.59,4.2,125,"https://images-eu.ssl-images-amazon.com/images/I/615Yck9+lrL._AC_UL300_SR300,200_.jpg"
B0B4P5PJR2,"MUNTRADE Toalla Papel Secamanos zig Zag, laminadas Doble Capa, Caja de 3000 Unidades",23.99,4.2,106,"https://images-eu.ssl-images-amazon.com/images/I/51sh8MFr-LL._AC_UL300_SR300,200_.jpg"
B0BHT15NTZ,"100 Bolsas plástico para envíos,Bolsas para Envíos de Plástico, Bolsas Plastico De Envio Autoadhesivas, Impermeable Opacas Au",14.44,4.7,94,"https://images-eu.ssl-images-amazon.com/images/I/51XhKgRm7SL._AC_UL300_SR300,200_.jpg"
B07Z9BLKC1,"ELEGOO 3D Resina Rápida LCD UV 405nm Curado, Resina 3D para Impresora 3D LCD, Estándar Resina Fotopolímero con Alta Precisión",32.99,4.4,842,"https://images-eu.ssl-images-amazon.com/images/I/61VtjzRXfgL._AC_UL300_SR300,200_.jpg"
B08KM1HM26,"Merryland Disco de Corte 125 Metal para Amoladora Angular, 125 X 1,0 X 22,23 mm Disco Corte 25 Piezas, Acero INOX Hierro, Cra",15.90,4.5,876,"https://images-eu.ssl-images-amazon.com/images/I/71-lL8Cb4BL._AC_UL300_SR300,200_.jpg"
B00UCB9GYS,"Don Limpio Limpia Suelos Superficies Delicadas Detergente Liquido 1.3l, Friegasuelos con PH Seguro para Suelos de Madera, Pie",3.99,4.6,636,"https://images-eu.ssl-images-amazon.com/images/I/710b0sSeSsL._AC_UL300_SR300,200_.jpg"
B071D7LJ31,"Eventronic Surtido de Tubo Termorretráctil Poliolefina, 12 Tamaños, Envoltura de Alambre, 560 Piezas",8.99,4.5,28.768,"https://images-eu.ssl-images-amazon.com/images/I/71UyLp5oCcL._AC_UL300_SR300,200_.jpg"
B0B323L1B1,"Natulim - Fregasuelos en Tiras Ecológico (30 usos) | Fregasuelos Eco, Limpiapisos, Limpiador de Suelos Eco - Limpia sin Ensuc",8.50,4.4,192,"https://images-eu.ssl-images-amazon.com/images/I/6170zpLRPEL._AC_UL300_SR300,200_.jpg"
B07BFGQ7QZ,"YIZHAO Ambar Frasco Cuentagotas Cristal 30ml, Botellas Cuentagotas con [Pipeta Cuentagotas Cristal], para Aceite Esencial, Ma",11.30,4.6,4.386,"https://images-eu.ssl-images-amazon.com/images/I/61cLv1T0dXL._AC_UL300_SR300,200_.jpg"
B0BYNGZ9J2,DKBT Roll On Aceites Esenciales 5ml 16 pcs Marrón Botellas Rollon Cristal Rellenable Perfume Roll on con Roll-on Bola de Acer,8.99,4.4,48,"https://images-eu.ssl-images-amazon.com/images/I/71hNiIRShIL._AC_UL300_SR300,200_.jpg"
B0BWYGXFN1,"10ml Esteril Jeringa de Plastico Sin Aguja con Tapa, 30Pack Jeringa Desechable, Herramientas de Medición Dispensación de Jeri",13.99,4.5,15,"https://images-eu.ssl-images-amazon.com/images/I/7172kZrEdAL._AC_UL300_SR300,200_.jpg"
B07V2LWVW7,"SUNLU PLA Plus Filamento Seda Brillante 1.75mm para Impresora 3D, Silk PLA+ Acabado Suave y Sedoso, Bobina de 1kg(2.2lb), SIL",18.99,4.3,2.586,"https://images-eu.ssl-images-amazon.com/images/I/61YCMxg7WwL._AC_UL300_SR300,200_.jpg"
B07K8GBT9W,"ANYCUBIC Resina de Impresora 3D, Resina Estándar de Curado por Luz UV de 405 nm con Alta Precisión y Curado Rápido y Excelent",31.99,4.5,1.825,"https://images-eu.ssl-images-amazon.com/images/I/6113X5zRYyL._AC_UL300_SR300,200_.jpg"
B08X6YK3SQ,"OVERTURE Filamento PETG 1.75 mm, Filamento de Impresora 3D, Filamento de 1 kg (2.2 lb), Precisión Dimensional 99% Probabilida",24.99,4.4,8.879,"https://images-eu.ssl-images-amazon.com/images/I/71lZvc9a8sL._AC_UL300_SR300,200_.jpg"
B0BBR3XCD1,"Cillit Bang Manchas de Humedad y Suciedad, potente limpiador juntas negras, baño, cocina, formato spray - Pack de 3 x 750 ml,",12.94,4.7,466,"https://images-eu.ssl-images-amazon.com/images/I/81WEC1W4N0L._AC_UL300_SR300,200_.jpg"
B08XBB6D91,"SF - Cubrezapatos desechables de PE 100 unidades, impermeables, material CPE, color azul",6.39,4.3,1.361,"https://images-eu.ssl-images-amazon.com/images/I/91U-dU5bcvL._AC_UL300_SR300,200_.jpg"
B08RY7TF9X,"EQM SOLUCIONES QUÍMICAS | ECO-301 | Alcohol Isopropílico 99,9% Pureza | 750 ml | Limpieza y Desinfección de componentes elect",8.26,4.5,487,"https://images-eu.ssl-images-amazon.com/images/I/71+MCnoBl7L._AC_UL300_SR300,200_.jpg"
B0B938385B,"SUNLU Impresora 3D Resina 2kg, Resina UV Rápida 405 NM, Resina de Impresión 3D de Fotopolímero Estándar para Impressora 3D LC",51.99,4.5,1.163,"https://images-eu.ssl-images-amazon.com/images/I/71bcwUzxnxL._AC_UL300_SR300,200_.jpg"
B0C1S3CRDG,"SUNLU 250g Filamento PLA 1.75mm, Pulcramente Herida Bündel Multicolor Filamento Impresora 3D PLA,8 Paquetes 0.25kg Spule, Neg",42.99,4.4,1.086,"https://images-eu.ssl-images-amazon.com/images/I/81Js2oGNnnL._AC_UL300_SR300,200_.jpg"
B07PBBPZ29,Pic Solution Classicstethomed Kit de Medidor Manual y Estetoscopio 900 g,21.09,4.3,4.744,"https://images-eu.ssl-images-amazon.com/images/I/71Xs7h2rFYL._AC_UL300_SR300,200_.jpg"
B0BRNKDWVZ,"EUROPAPA® 100 guantes de nitrilo en caja blanca, desechables, guantes de examen, guantes de nitrilo, sin látex, no estéril, s",9.98,4.5,1.688,"https://images-eu.ssl-images-amazon.com/images/I/61fOBKHd7RL._AC_UL900_SR900,600_.jpg"
B00OWBR8HQ,Orinal Caballero -Unidad,6.95,4.5,1.109,"https://images-eu.ssl-images-amazon.com/images/I/51RhLuocfXL._AC_UL900_SR900,600_.jpg"
B08TVP444T,WoldoClean Limpiador de suelos para robots 750ml - para todas las plantas,17.99,4.3,7.003,"https://images-eu.ssl-images-amazon.com/images/I/7169PG1ierL._AC_UL900_SR900,600_.jpg"
B07KGPTDMT,"Filamento PLA 1,75 mm, GIANTARM Impresora 3D PLA Filamento 1kg Spool, Negro",24.99,4.4,6.842,"https://images-eu.ssl-images-amazon.com/images/I/81+g5UAHAeL._AC_UL900_SR900,600_.jpg"
B00XA2VXBK,Tenn Multiusos Professional - Limpiador líquido con bioalcohol para todo tipo de superficies - Limpieza profunda y brillo dur,11.40,4.6,870,"https://images-eu.ssl-images-amazon.com/images/I/316IPyXCOzL._AC_UL900_SR900,600_.jpg"
B0CJCBKDQ6,Rollo de papel camilla 65m | 6 Unidades ECO blanco (1),33.95,5.0,1,"https://images-eu.ssl-images-amazon.com/images/I/81OVhL48idL._AC_UL900_SR900,600_.jpg"
B07XPMJCQG,ELEGOO Lavable con Agua Impresora 3D Resina rápida para Impresora 3D LCD Resina de Curado UV Resina de Fotopolímero de 405 nm,41.99,4.4,658,"https://images-eu.ssl-images-amazon.com/images/I/61fS1VOlEiL._AC_UL900_SR900,600_.jpg"
B07DCK7R6H,"ANYCUBIC Filamento PLA Blanco,1,75mm 1kg Filamento de Impresora 3D PLA, Filamento Material de Impresión 3d, Envasado al Vacío",22.99,4.5,2.043,"https://images-eu.ssl-images-amazon.com/images/I/711kFN+QNPL._AC_UL900_SR900,600_.jpg"
B00XAML0YK,Bayeco - Fregona de Tiras 100% Microfibra - Con casquillo de goma - Gran capacidad de absorción - Mayor duración y resistenci,5.79,4.4,426,"https://images-eu.ssl-images-amazon.com/images/I/71ZSqkb17LL._AC_UL900_SR900,600_.jpg"
B00W5PFEYU,Set de 16 electrodos axion compatibles con COMPEX | Almohadillas compatibles con Compex aparato estimulador muscular TENS y E,18.96,4.3,3.378,"https://images-eu.ssl-images-amazon.com/images/I/81rPzJzZs3L._AC_UL900_SR900,600_.jpg"
B079X5F835,Renova Toallas Secamanos Zig-Zag Love&Action | 15 Paquetes de 180 Unidades | 2.700 unidades | Papel Kraft Ecológico 2 Capas |,37.33,4.5,253,"https://images-eu.ssl-images-amazon.com/images/I/71p91lIdI8L._AC_UL900_SR900,600_.jpg"
B0C4FKV9HY,"Purivita - Isopropanol 99,9% alcohol de limpieza para hogar y electrónica 500 ml",6.99,4.7,488,"https://images-eu.ssl-images-amazon.com/images/I/61J+LjvDf3L._AC_UL900_SR900,600_.jpg"
B08ZN86P4N,"Bolsas Tipo Camiseta | Plástico 70% Reciclado · Tamaño M 30x40 cm | 100 Uds | Aptas Uso Alimentario, Resistentes, Reutilizabl",11.99,4.1,183,"https://images-eu.ssl-images-amazon.com/images/I/614B88f5C1L._AC_UL900_SR900,600_.jpg"
B001GU6FYI,Einhell Carretilla de mano plegable - BT-HT 90. Con capacidad de 90 kg y pala plegable. Bloqueo para empuñadura extensible. B,32.95,4.4,11.659,"https://images-eu.ssl-images-amazon.com/images/I/71qqB0BBXeL._AC_UL900_SR900,600_.jpg"
B093LHPWYZ,Asevi - Fregasuelos Asevi Cian - Fregasuelos perfumado duradero - Concentrado - PH Neutro - Aroma Flores Blancas - 950 ml,2.09,4.7,49,"https://images-eu.ssl-images-amazon.com/images/I/71Cy1z5S1QL._AC_UL900_SR900,600_.jpg"
B004BTR45U,"Silverline - Gorros desechables, 100 pzas Talla única (511087)",5.90,4.4,1.517,"https://images-eu.ssl-images-amazon.com/images/I/8157UDlCO4L._AC_UL900_SR900,600_.jpg"
B08K39Q1DL,"Magnetpro 12 imanes 10 kg fuerza 20 x 7 mm con orificio y cápsula, imán en recipiente avellanado de neodimio con tornillos y ",14.99,4.5,6.308,"https://images-eu.ssl-images-amazon.com/images/I/81m23UPnTYL._AC_UL900_SR900,600_.jpg"
B07H2CPQ8V,"GTIWUNG 6 pares Solar Panel Cable Conector, Conector Solar Fotovoltaico, Macho/Hembra Conector Impermeable de Anillo de Sello",8.99,4.6,6.215,"https://images-eu.ssl-images-amazon.com/images/I/71T+6T5LDjL._AC_UL900_SR900,600_.jpg"
B01JIUUG60,Cofan Pasta lavamanos con particulas 4 kg | Gel de manos para eliminar suciedades rebeldes | No daña la piel,13.67,4.3,109,"https://images-eu.ssl-images-amazon.com/images/I/51nhsJP9ANL._AC_UL900_SR900,600_.jpg"
B0BK5G297B,CABLEPELADO Condensador de arranque para motor eléctrico | Condensador Permanente | monofásico | 4 terminales | Apto para bom,6.99,4.5,1.280,"https://images-eu.ssl-images-amazon.com/images/I/41aAi0baAoL._AC_UL900_SR900,600_.jpg"
B06XWRVPMZ,"ERRECOM Evaporator Cleaner Foam, Limpiador Espumoso para Aire Acondicionado, 400mL",6.00,4.3,622,"https://images-eu.ssl-images-amazon.com/images/I/616+mzpMqkL._AC_UL900_SR900,600_.jpg"
B01DM3PE2A,"WENKO Cubo con pedal para cosmética Leman negro 3 l Capacidad: 3 l, Acero, 17 x 25 x 22.5 cm, Blanco",10.54,4.3,7.414,"https://images-eu.ssl-images-amazon.com/images/I/61KE2syvm3L._AC_UL900_SR900,600_.jpg"
B08WZ2F7K9,"SYMTEX 100 Unidades Mascarillas Quirúrgicas Tipo IIR Certificado CE, Mascarilla médicas homologadas, 3 capas, Alta eficiencia",8.95,4.5,13.681,"https://images-eu.ssl-images-amazon.com/images/I/71vURR3gycL._AC_UL900_SR900,600_.jpg"
B082SL8QHZ,"Desbarbador Metal, Herramienta de Desbarbado y 11 Cuchillas 360° Giratorio Quita Rebabas para Acero, Plástico, Aluminio, Cobr",13.69,4.5,2.562,"https://images-eu.ssl-images-amazon.com/images/I/51BCYqdiP-L._AC_UL900_SR900,600_.jpg"
B075ZPT7MF,"GEEETECH Filamento PLA 1.75mm para impresión 3D, 1kg Spool, Madera",19.99,4.4,21.389,"https://images-eu.ssl-images-amazon.com/images/I/71f+iOA+HEL._AC_UL900_SR900,600_.jpg"
B094XCR3RR,"Gebildet Jeringa Punta Roma Aguja y Capuchón - 20ml, 10ml, 5ml, 1ml Jeringas 16ga 18ga 19ga 21ga 23ga Agujas Roma - Aplicador",12.99,4.4,3.432,"https://images-eu.ssl-images-amazon.com/images/I/71E58E8lLSS._AC_UL900_SR900,600_.jpg"
B0CJ8SZCPP,"Gisaae Limpiador Ultrasonidos Profesional, 660ML 48000Hz Limpiador Gafas Ultrasonico 5 Modos de Tiempo Ultrasonidos Limpieza,",49.99,5.0,39,"https://images-eu.ssl-images-amazon.com/images/I/71VAjBAW9qL._AC_UL900_SR900,600_.jpg"
B0C4TFGD8W,"Frosch - Quitagrasas Desengrasante Ecológico Pomelo, Apto para Superficies Alimentarias, Elimina la Grasa sin Esfuerzo - 500 ",2.79,4.5,49,"https://images-eu.ssl-images-amazon.com/images/I/71dZJU3w7TL._AC_UL900_SR900,600_.jpg"
B074HZ8S21,Pie de Rey - 6 Pulgadas 150mm Calibre Analogico Calibrador Vernier Profesional Precision Calibre Pie de Rey para Medición Diá,15.99,4.3,6.208,"https://images-eu.ssl-images-amazon.com/images/I/61u6hdho7+L._AC_UL900_SR900,600_.jpg"
B09RPSDJHS,"Alcohol Isopropílico 99,9% Puro 5L | Isopropanol | Limpieza de Componentes Electrónicos. Desinfección y Limpieza de Superfici",24.99,4.5,177,"https://images-eu.ssl-images-amazon.com/images/I/61HQXtI-vCL._AC_UL900_SR900,600_.jpg"
B01IVFBPWC,Dohe - Packing List - Sobres de 240x140 mm - 250 unidades - Portadocumentos y autoadhesivos - Material de oficina,20.49,4.1,118,"https://images-eu.ssl-images-amazon.com/images/I/51WajUn3fyL._AC_UL300_SR300,200_.jpg"
B09R9TRGPX,"OVERTURE PLA Plus (PLA+) Filamento 1,75 mm PLA Dureza Profesional Rollo PLA Mejorado, PLA Premium 1 kg (2,2 libras), Precisió",25.99,4.4,277,"https://images-eu.ssl-images-amazon.com/images/I/71-C4bDEHiL._AC_UL300_SR300,200_.jpg"
B0C9Q41DQ3,"SUNLU 3D Printer Filament Matte PLA Filament, Neatly Wound Matte PLA Filament 1.75mm ± 0.02mm, Fit Most FDM 3D Printers, Good",16.99,4.6,114,"https://images-eu.ssl-images-amazon.com/images/I/71NrEvfNt9L._AC_UL300_SR300,200_.jpg"
B00LAX52IQ,"Carson MicroBrite Plus - Microscopio de bolsillo, aumento 60x-120x, con Iluminación LED",19.95,4.3,46.851,"https://images-eu.ssl-images-amazon.com/images/I/81hd-Uv787L._AC_UL300_SR300,200_.jpg"
B07SZ6R8XD,"ELEGOO ABS-Like Resina 3D para LCD Impresora 3D Resina, UV 405nm Curado Resina ABS Rápida Fotopolímero, ABS resin 3D Printer ",36.99,4.3,495,"https://images-eu.ssl-images-amazon.com/images/I/71W2mHCLo6L._AC_UL300_SR300,200_.jpg"
B00INT8E8K,"Jofel AH37000 - Dispensador de toallas formato zig-zag, admite 600 toallas, color blanco",15.40,4.6,794,"https://images-eu.ssl-images-amazon.com/images/I/61W+1zZj-RL._AC_UL300_SR300,200_.jpg"
B00MDIG4F2,WOLFPACK LINEA PROFESIONAL Wolfpack 11110062 Rueda Carretilla Obra Neumática Llanta Metálica,15.10,4.2,261,"https://images-eu.ssl-images-amazon.com/images/I/71BfxwtH+QL._AC_UL300_SR300,200_.jpg"
B07NL39LW5,"Mobiclinic, Fonendoscopio profesional, Marca Española Estetoscopio médico de una campana, Fonendo para uso en medicina y enfe",8.45,3.8,182,"https://images-eu.ssl-images-amazon.com/images/I/512IaCPLrdL._AC_UL300_SR300,200_.jpg"
B06Y557PC6,"Termómetro Infrarrojo(-50°C-420°C (-58°F-788°F), Eventek Digital Laser IR Sin Contacto, Pistola de Temperatura, No se Puede M",19.95,4.4,10.334,"https://images-eu.ssl-images-amazon.com/images/I/61q4hEZtE1L._AC_UL300_SR300,200_.jpg"
B0CGRZD9P2,JUPPLIES Carretilla Plegable de Aluminio + Cuerda | MAX 75 Kg | Carretilla de Mano Portátil para Transporte - Carro Plegable ,39.99,5.0,12,"https://images-eu.ssl-images-amazon.com/images/I/61qNCNUmYbL._AC_UL300_SR300,200_.jpg"
B07WHJTZ42,QUITAGRASAS EL MILAGRITO 750ml PISTOLA,3.65,4.5,44,"https://images-eu.ssl-images-amazon.com/images/I/51ua7Aq-NkL._AC_UL300_SR300,200_.jpg"
B0CD79SBDV,"ELEGOO Filamento PLA+ 1.75 2KG Blanco, Filamento PLA Plus para Impresora 3D, Precisión Dimensional +/- 0.02mm, Carrete Filame",28.89,4.6,206,"https://images-eu.ssl-images-amazon.com/images/I/71pGT6zayML._AC_UL300_SR300,200_.jpg"
B0B2J1JR2R,"OBA Muela Amoladora 115mm, 3 Pedazos OBA Discos Madera Amoladora Discos para Amoladoras Angulares de Carburo de Tungsteno,mol",27.99,4.4,2.498,"https://images-eu.ssl-images-amazon.com/images/I/71U+vYvHToL._AC_UL300_SR300,200_.jpg"
B01M98VPTT,HELGUEFER - Bidón 25 litros Rectangular Apilable-Apto Uso alimentario.,10.99,4.6,482,"https://images-eu.ssl-images-amazon.com/images/I/41DxFUc7xLL._AC_UL300_SR300,200_.jpg"
B0CB8JJLHZ,"SUNLU Filamento PLA de Alta Velocidad 1.75mm 2KG, Filamento PLA de Alta Fluidez para Impresoras 3D Rápidas, Diseñado para Imp",31.99,4.5,170,"https://images-eu.ssl-images-amazon.com/images/I/71KxRjQclQL._AC_UL300_SR300,200_.jpg"
B085S2VSVC,"VENSALUD | Jeringas Desechables Sin Aguja, Sin Látex | Luer Slip | Cono Céntrico | Jeringa Estéril para Alimentación de Masco",18.99,4.6,669,"https://images-eu.ssl-images-amazon.com/images/I/51Tdv88WU9L._AC_UL300_SR300,200_.jpg"
B09TTFKYMY,HOME DETERGENTE EXTRA CONCENTRADO- PRODUCTO REVOLUCIONADO DEL QUE TODO EL MUNDO HABLA,24.50,4.3,1.692,"https://images-eu.ssl-images-amazon.com/images/I/61DsO6utn-L._AC_UL300_SR300,200_.jpg"
B078TW3NLG,"500 Unidades - García De Pou 106,12 Times Mantelines Reciclados, 48 G/M2, 31 X 43 Cm",20.84,4.7,155,"https://images-eu.ssl-images-amazon.com/images/I/71Mf0lu2whL._AC_UL300_SR300,200_.jpg"
B07FXVNWX6,"eSUN Filamento PETG 1.75mm, Impresora 3D Filamento PETG, Precisión Dimensional +/- 0.05mm, 1KG Carrete (2.2 LBS) para Filamen",22.99,4.3,2.436,"https://images-eu.ssl-images-amazon.com/images/I/71jVhs1h7OL._AC_UL300_SR300,200_.jpg"
B094YCCZSF,"ELEGOO Resina Rápida Estándar, 405nm Resina de Fotopolímero de Resina de Curado UV con Alta Precisión y Curado Rápido Para Im",32.99,4.4,839,"https://images-eu.ssl-images-amazon.com/images/I/61QxD7u+f9L._AC_UL300_SR300,200_.jpg"
